{"epoch": [1, 2, 3, 4, 5, 6, 7, 8, 9, 10, 11, 12, 13, 14, 15, 16, 17, 18, 19, 20, 21, 22, 23, 24, 25, 26, 27, 28, 29, 30, 31, 32, 33, 34, 35, 36, 37, 38, 39, 40, 41, 42, 43, 44, 45, 46, 47, 48, 49, 50, 51, 52, 53, 54, 55, 56, 57, 58, 59, 60, 61, 62, 63, 64, 65, 66, 67, 68, 69, 70, 71, 72, 73, 74, 75, 76, 77, 78, 79, 80, 81, 82, 83, 84, 85, 86, 87, 88, 89, 90, 91, 92, 93, 94, 95, 96, 97, 98, 99, 100], "loss": [0.0035527378786355257, 0.002332378178834915, 0.0015916999545879662, 0.001135030557634309, 0.0008247264195233583, 0.0006164256046758965, 0.00048501398850930855, 0.0003962636983487755, 0.0003311574982944876, 0.0002843936163117178, 0.0002497314562788233, 0.00022520495622302406, 0.00020246963322279043, 0.00018690597789827734, 0.00017226010095328093, 0.0001594599089003168, 0.00014605852265958674, 0.0001369445162708871, 0.0001302996970480308, 0.00012201514255139045, 0.00011478402848297264, 0.00010888612632697914, 0.0001025826895784121, 9.788994248083327e-05, 9.272965689888224e-05, 8.77578368090326e-05, 8.408236135437619e-05, 8.093114411167335e-05, 7.696956890868023e-05, 7.37920909159584e-05, 7.113131141522899e-05, 6.784157631045673e-05, 6.584070979442913e-05, 6.358356040436774e-05, 6.209602815943072e-05, 6.0425931224017404e-05, 5.837852859258419e-05, 5.7122680118482094e-05, 5.538920322578633e-05, 5.4786116379546e-05, 5.263835828372976e-05, 5.1789050303341355e-05, 5.05238349433057e-05, 4.882620669377502e-05, 4.7643628931837156e-05, 4.6364338231796864e-05, 4.577048912324244e-05, 4.3980176087643486e-05, 4.371932300273329e-05, 4.258092212694464e-05, 4.0784903831081465e-05, 3.944815580325667e-05, 3.8607768146903254e-05, 3.811920942098368e-05, 3.7022034121036995e-05, 3.613800618040841e-05, 3.518443281791406e-05, 3.45627613569377e-05, 3.3691168937366456e-05, 3.287191702838754e-05, 3.1875507374934386e-05, 3.1772457987244707e-05, 3.1070691875356715e-05, 3.065243981836829e-05, 3.048853795917239e-05, 2.952581917270436e-05, 2.8985915378143545e-05, 2.8445833777368534e-05, 2.75644479188486e-05, 2.8022716378472978e-05, 2.709610316742328e-05, 2.6749432436190546e-05, 2.663325722096488e-05, 2.6125836939172586e-05, 2.5469736101513263e-05, 2.498790354366065e-05, 2.4799270249786787e-05, 2.4500463041476905e-05, 2.378889212195645e-05, 2.2916812667972408e-05, 2.3021906599751674e-05, 2.239531340819667e-05, 2.2131351670395816e-05, 2.2316459308058256e-05, 2.1477621885424014e-05, 2.1257124899420887e-05, 2.0810556179640116e-05, 2.066624938379391e-05, 2.017276756305364e-05, 2.0204046904837014e-05, 1.9803606846835464e-05, 1.9254072867624927e-05, 1.916506971610943e-05, 1.878294870039099e-05, 1.851573324529454e-05, 1.841332368712756e-05, 1.7819432741816854e-05, 1.77810070454143e-05, 1.7273369849135634e-05, 1.7117113202402834e-05]}