{"epoch": [1, 2, 3, 4, 5, 6, 7, 8, 9, 10, 11, 12, 13, 14, 15, 16, 17, 18, 19, 20, 21, 22, 23, 24, 25, 26, 27, 28, 29, 30], "loss": [0.05868585593998432, 0.054368676617741585, 0.04738252516835928, 0.03706998471170664, 0.027828142046928406, 0.021156352944672108, 0.017277939710766077, 0.015094899572432041, 0.012492034817114472, 0.011466855881735682, 0.010222591692581773, 0.009629331878386438, 0.009351287735626101, 0.009196242899633944, 0.009255068376660347, 0.009262331062927842, 0.008914929698221385, 0.008772421744652092, 0.00842275470495224, 0.008327395422384143, 0.008119805832393467, 0.008416963159106672, 0.008236102061346173, 0.008370464551262558, 0.007995643187314272, 0.007956502377055585, 0.007932710694149137, 0.008230606326833367, 0.007999943103641272, 0.008014520280994475]}